{
    "datos": {
        "ingles":{
            "menu1":"English",
            "tituloTexto":"Welcome",
            "espanol": "Spanish",
            "ingles": "English",
            "valenciano": "Valencian",
            "reservas":"RESERVATIONS",
            "salidaTexto":"Departures",
            "destinoTexto":"Destination",
            "precioTexto":"Maximun price",
            "horaSalidaTexto":"Departure time",
            "horaLlegadaTexto":"Destination time",
            "aerolineaTexto":"Favourite airline",
            "consultar":"Consult",
            "servicios":"Available services",
            "tituloConsulta":"Consult flights with available billets",
            "textoConsulta":"Consult flights with available billets etc etc etc",
            "tituloReserva":"Billets reservations",
            "textoReserva":"Reservation flights with available billets",
            "idVuelo":"Id Flight",
            "ciudadSalida":"Departure city",
            "ciudadLlegada":"Arrival city",
            "horaSalidaVuelo":"Departure time",
            "horaLlegadaVuelo":"Arrival time",
            "compania":"Airline",
            "precioVuelo":"Price(€)",
			"fecha":"Date",
            "reservar":"Book in",
			"plazasLibres":"Airline seats"
            
        },
         "espanol":{
			"menu1":"Español",
			"tituloTexto":"Bienvenido",
            "espanol": "Español",
            "ingles": "Inglés",
            "valenciano": "Valenciano",
            "reservas":"RESERVAS",
            "salidaTexto":"Lugar de salida",
            "destinoTexto":"Lugar de llegada",
            "precioTexto":"Precio máximo",
            "horaSalidaTexto":"Hora de salida",
            "horaLlegadaTexto":"Hora de llegada",
            "aerolineaTexto":"Aerolínea favorita",
            "consultar":"Consultar",
            "servicios":"Servicios disponibles",
            "tituloConsulta":"Consulta de vuelos con billetes disponibles",
            "textoConsulta":"Consulta de vuelos con billetes disponibles etc etc etc",
            "tituloReserva":"Reserva de billete",
            "textoReserva":"Reserva de billete etc etc etc",
            "idVuelo":"Id Vuelo",
            "ciudadSalida":"Ciudad Salida",
            "ciudadLlegada":"Ciudad Llegada",
            "horaSalidaVuelo":"Hora Salida",
            "horaLlegadaVuelo":"Hora Llegada",
            "compania":"Compañia",
            "precioVuelo":"Precio(€)",
			"fecha":"Fecha",
            "reservar":"Reservar",
			"plazasLibres":"Plazas libres"
        },
        "valenciano":{
			"menu1":"Valencià",
			"tituloTexto":"Bienvenido",
            "espanol": "Espanyol",
            "ingles": "Anglés",
            "valenciano": "Valencià",
            "reservas":"RESERVES",
            "salidaTexto":"Lloc d'eixida",
            "destinoTexto":"Lloc d'arribada",
            "precioTexto":"Preu màxim",
            "horaSalidaTexto":"Hora d'eixida",
            "horaLlegadaTexto":"Hora d'arribada",
            "aerolineaTexto":"Aerolínia favorita",
            "consultar":"Consultar",
            "servicios":"Servicis disponibles",
            "tituloConsulta":"Consulta de vols amb bitllets disponibles",
            "textoConsulta":"Consulta de vols amb bitllets disponibles etc etc etc.",
            "tituloReserva":"Reserva de bitllet",
            "textoReserva":"Reserva de bitllet etc etc etc.",
            "idVuelo":"Id Vol",
            "ciudadSalidaVuelo":"Ciutat d'eixida",
            "ciudadLlegadaVuelo":"Ciutat d'arribada",
            "horaSalida":"Hora d'eixida",
            "horaLlegada":"Hora d'arribada",
            "compania":"Companyia",
            "precioVuelo":"Preu(€)",
			"fecha":"Data",
            "reservar":"Reservar",
			"plazasLibres":"Places lliures"
			
        }
    }
} 